Pais,Cluster,PIB_per,Poblacion,Esperanza.vida,Acceso.electricidad,Area.boscosa,Suscripciones.movil,Crecimiento.PIB,Mortalidad.infantil,Inversion.extranjera,Gasto.salud,Uso.internet,Importaciones,Exportaciones,Tierra.cultivable,Crecimiento.poblacion,Industria,Remesas
Albania,1,6846.42669381643,2777689,78.769,100,28.7919708029197,98.395,4.82669611912765,8.3,7.57934158372429,6.19368076,82.6137,47.5009752834284,37.1970818190154,21.8284671532847,-1.21579032012532,23.025055723682,9.17717165039736
Algeria,2,4961.55257664733,45477389,76.129,100,0.826286664371426,107.787,3.60000000094915,20,0.107160824113693,3.6230433,74.8319,20.3933971934105,30.8089785470304,3.16197401899452,1.58758210690673,43.0480574822468,0.7555043343686
Angola,3,2929.69445467272,35635029,64.246,48.5,52.5364972326943,66.6008,3.04472652391918,39.6,-6.32056384328187,2.92737579,42.0719,25.2994284078973,44.391642097512,4.31940322451271,3.14302612044601,45.180052903576,0.0134152542495911
Antigua and Barbuda,2,20105.1989085164,92840,77.483,100,18.1615909090909,200.541,9.10780623385958,7.5,16.7832252918311,5.7299943,77.1648,62.9797628047534,54.7237649635992,9.09090909090909,0.530270318994476,19.6581959747844,1.86496707164868
Argentina,1,13935.6811110049,45407904,75.806,100,10.3610566048767,131.484,5.26987967384072,8.3,2.40302244246396,9.86305332,88.3754,15.2996935612041,16.248014443903,15.7485867964585,0.210808731072658,24.0075527787773,0.166952666555471
Armenia,2,6571.97445545099,2969200,74.7658536585366,100,11.6336717932132,130.54,12.5999999997766,9.3,4.99991586140552,9.96212864,77.0277,51.1857978005492,50.2249804603907,15.7005807438174,0.2326562627468,25.4370966437794,10.8688335174113
Australia,1,64997.0136536475,26014399,83.2,100,17.4213145571644,109.469,4.24238555336139,3.2,4.16149504206489,9.92687893,97.0424,20.2901822017406,25.5315880289865,4.0646020161154,1.27269881377618,27.48251427159,0.0772998245693154
Austria,1,52176.6649141178,9041851,81.2951219512195,100,47.206131846825,121.166,5.27789448538658,2.7,3.03143362679607,11.15729332,93.6141,62.4207780743465,61.9626734104832,16.0033082888997,0.956287797076634,25.2055400552551,0.638166423005915
Azerbaijan,2,7770.594223351,10141756,74.125,100,13.9724815486993,107.506,4.71468037857544,14.1,-5.67773710614177,3.97840643,88,26.9954251873703,59.9868480668076,25.3103448275862,0.039507866238038,56.1467373576856,5.012251973723
"Bahamas, The",1,34957.1613279737,397538,74.491,100,50.9350649350649,101.624,10.8774550145968,11.6,3.82040434055862,7.21692038,94.7326,38.8240458234989,37.1589142824247,0.799200799200799,0.293483989063331,9.50434632433366,0.416556329514708
Bangladesh,3,2716.48592780431,169384897,74.265,99.4,14.458774758176,109.867,7.09982877575158,24.4,0.355308723397177,2.39038587,41.6165,20.897740835675,12.8822264348985,60.7838169814218,1.02423384746683,33.9200804971876,4.6737649876073
Belarus,1,7994.64806074889,9228071,74.1033658536585,100,43.3351396620523,128.315,-4.65839591573585,2,2.17745011943276,6.65919876,89.5073,56.973020682251,63.0511868938428,27.617123996256,-0.804228426880244,33.0290955450834,2.01552933186967
Belgium,1,50822.2518538518,11680210,81.7487804878049,100,22.604446776415,101.68,4.2593607365269,3.1,2.00046456440554,10.76192474,94.0078,96.6998485924956,95.2395955015917,28.3186856430773,0.808165350001861,19.5139703801863,2.34654552980991
Belize,2,7068.45478269722,402733,72.19,98.6,55.0078912757563,67.175,9.65297772389758,10.9,4.9498706439243,4.23173904,71.8096,55.2569642041662,53.2722099272842,4.38404208680403,1.85124805102003,15.430147187972,5.00287535464959
Benin,3,1266.42710981159,13759501,60.475,56.5,26.9169031571479,105.745,6.25294705373625,47.7,2.15770537565076,2.67981386,30.0134,23.5662628402967,20.8153300474458,31.4468987229514,2.54740926342667,17.017826707817,1.43702897415825
Bhutan,1,3711.32767981591,780914,72.754,100,71.5521761929733,95.1298,5.21386783786224,19.1,0.289904655137253,4.38545895,86.2903,60.0723765638263,25.4988399587876,2.58259045621395,0.703183917780367,31.8248447380802,3.31086657464961
Bolivia,1,3643.92826984604,12077154,67.434,99.9,46.5396883596418,101.572,3.60568042633635,20.7,0.0141722868393946,8.43142891,67.3612,35.1443439153378,32.6115548527874,5.13483577956245,1.16425907336882,26.2017588810386,3.31578734598445
Bosnia and Herzegovina,1,7655.59421024383,3204802,76.777,100,42.7326171875,118.944,4.22681101095546,5.5,3.7882728069108,8.71644783,78.8455,61.8988653103961,48.307102350834,7.36328125,-1.24363802761194,24.663249794412,10.5208784489857
Botswana,2,8328.70905682185,2439892,68.749,75.9,26.4995676953752,178.205,5.48601706446772,39.2,3.49204705183736,5.72838593,80.3696,42.0680959802285,43.5436117786863,0.458772254865633,1.58848021878269,37.457129713918,0.306272176465236
Brazil,1,9281.33334441234,210306415,74.872,100,59.1275092305226,101.245,3.01669435393015,12.6,3.8221961533297,9.14277458,80.5278,19.1853009729027,19.6307650034371,6.65722277923079,0.360180890872169,22.819456851691,0.25481314242508
Bulgaria,1,13999.6719197289,6465097,74.1609756097561,100,36.0998526160649,116.679,4.03877758301681,5.1,5.59153979384169,7.66357517,79.1269,68.8630561149866,69.9770907029936,31.9454679439941,-0.650676134087796,25.3027914291274,2.31142154213049
Burkina Faso,3,836.118304593682,22509038,60.7,19.5,22.3552631578947,119.463,1.4972397409897,46.1,3.5586103002345,6.77182007,14.6238,33.0990310342397,31.744842886064,28.9012744883041,2.30907147387783,28.7354846571486,2.78377631718111
Burundi,3,250.634225368744,13321097,62.882,10.3,10.8894080996885,56.26,1.84899943948213,32.4,0.757355122631358,8.39522648,11.0009,23.3442218510957,4.9710985076333,50.3702686915888,2.70585008916716,10.6377881445908,4.8947554204382
Cabo Verde,2,4323.31362032709,519741,75.907,97.1,11.4937965260546,113.247,15.843675684642,11.5,5.43014452079405,6.67440224,72.7601,58.3098826343223,38.6842542170134,12.4069478908189,0.596688345869947,11.0789238411144,14.031084297698
Cambodia,2,2325.03050040841,17201724,70.528,92.3,43.9439723544074,113.392,5.12990110767267,21.1,8.94830125779534,4.71089554,59.6606,73.6665720833071,72.2070606780988,23.3409228416044,1.33088813106016,40.8649626222329,6.54093545373445
Cameroon,3,1604.87726954895,27632771,62.443,71,42.7925789596158,89.8274,3.7367840056412,42.5,2.08735032157122,4.47835922,41.775,21.9647892415588,19.321813317909,13.1158638488714,2.62905090961273,27.1303593377196,1.26876259890659
Chile,1,15405.6165774073,19553036,79.176,100,24.8461772576085,135.114,2.15399356192458,5.9,6.2318507042491,10.06172848,93.5377,39.5949894702167,35.6066282723137,1.74588686071584,0.495789591494285,31.0330474006021,0.0282751450622328
China,2,12970.6056414327,1412175000,78.202,100,23.8316995465589,124.195,3.1341888719577,4.8,1.03841365474349,5.36948681,75.6113,17.1429881849395,20.297731691419,11.5635568441694,-0.0130995013525784,37.8945266620066,0.142457651070649
Colombia,1,6680.44506854481,51737944,76.508,100,52.9457763857593,156.195,7.32827729427979,11.3,4.97124137726565,7.57361269,72.7964,27.8942871185028,20.3883679938331,2.21063542136097,1.06829295530618,26.1230022316952,2.7354220776326
Comoros,3,1533.87755332151,834188,66.481,89.9,17.2165502418055,100.549,2.81839506562636,36.8,0.322667538363092,8.3803854,32.7685,37.4417429765366,12.9470275117016,34.9274583557227,1.93837687010445,9.63879809027371,22.0265607625729
"Congo, Dem. Rep.",3,642.612267148918,102396968,60.979,21.5,54.6754592973247,48.6774,8.92444785079518,45.8,2.14185515361453,3.78614616,29.4996,48.2307170129048,45.4979498732673,6.39680862795263,3.2234019442495,47.7796330714614,4.9571436331373
"Congo, Rep.",3,2620.83804304713,6035104,65,50.6,64.1756954612006,93.6259,1.47535613247133,28.5,3.3650833609005,2.19224548,37.4939,34.3491898359076,63.8121468562925,1.61054172767204,2.39665300284304,49.2455523632312,0.277926360064526
Costa Rica,1,13625.9008491478,5081765,79.316,100,60.0785350567959,154.989,4.55149177958398,8.8,5.3050432792936,7.18368196,82.598,39.8223364209329,42.4051961143561,3.27327457892675,0.429453043658398,20.6464381115517,0.895844948117856
Cote d'Ivoire,3,2333.37128334477,30395002,61.562,72,8.21049968553459,161.232,6.39988362720531,47.9,2.25472653239831,3.6424129,38.4133,28.5990307151189,24.2673603262295,14.1790927672956,2.5162293495351298,23.0445423474416,1.46910313601649
Croatia,1,18466.0955472648,3855641,77.5756097560976,100,34.7410650464618,114.677,7.28793643206565,3.9,5.51610421858619,7.21545315,82.0716,65.7168860772854,59.4969715136887,15.2430307362402,-0.603521952188318,20.0651495635468,7.52345344767519
Cyprus,1,33894.44921875,1331370,80.434,100,18.6677489177489,151.241,7.20486780743879,2.8,0.174199839978059,8.87060547,89.601,102.010660936682,105.621766109694,10.2623051948052,1.06174678712373,10.314473599827,1.68913833918413
Czechia,1,28282.2236715857,10672118,78.9292682926829,100,34.7369431785448,128.105,2.8471706583814,2.2,3.02937517288668,8.79904652,84.5401,71.6020659665878,72.4094281428088,32.1272569631392,1.5709725672011,29.2185730464326,1.37578324481376
Denmark,1,68091.3191138669,5903037,81.3048780487805,100,15.758,126.484,1.54017307357893,3.1,6.87340812577742,9.4758625,97.8601,60.9946813134056,70.5484698289144,59,0.787502464739957,20.8355183946708,0.3482254304594
Djibouti,2,3133.25779772463,1137096,65.54,65,0.257308024158758,46.7771,5.16653702854374,45.9,5.24930012962196,2.49675012,63.2573,143.034673702738,159.250735528808,0.129421915444349,1.40352932560807,15.0308727802738,1.58752439290675
Dominican Republic,2,10104.2449349081,11230734,74.211,98.1,44.8209283285911,90.376,5.23795652902595,29.1,3.56897098132173,4.57254791,81.5127,32.3520110514603,22.0261866198241,19.5692561644648,0.959629735113671,30.8255427451738,9.05734336867233
Ecuador,1,6515.58528418336,17823897,76.577,100,49.8038734095668,98.1309,5.86842354862311,11.2,0.759491173521047,7.53457022,69.7181,30.9555471259573,30.9252456928287,3.92172652601063,0.796723652034201,29.5835905417542,4.08839477102189
"Egypt, Arab Rep.",2,4233.30783744856,112618250,71.01,100,0.0451855944547692,90.6795,6.58784560886967,16.7,2.39118080969079,4.70438385,72.1981,21.8960790564233,15.0870258208479,3.11718318348486,1.48609697540294,32.7114314313038,5.94293350334715
El Salvador,2,5074.60210221806,6280319,71.969,100,27.7451737451737,183.249,2.95461516549889,9.5,0.0823187568481088,9.84079742,65.5298,56.2676262279527,32.433483149734,34.7972972972973,0.39146192798287,23.7319470400488,24.6343666305956
Estonia,1,28451.1477825175,1348840,77.8439024390244,100,57.0652937046572,152.271,0.0604305165130938,1.7,4.89320122469425,6.98701143,91.5202,87.9001575208055,86.6638366613108,16.5457523987831,1.3365515114828601,23.3390486819003,1.22489113625073
Eswatini,2,3889.65276959161,1218917,63.028,82.3,29.0686046511628,121.492,1.1195906677553,44.6,0.28158166701768,7.2226615,57.465,48.1319275416783,44.5469766780666,10.2906976744186,1.01620740015869,34.5409382976808,2.66775433933273
Fiji,2,5405.03006162671,919422,67.148,92,63.1297208538588,111.749,19.7927266886699,23.5,2.08434485529881,4.00910091,78.2433,69.3324442575567,48.1741153774177,4.20361247947455,0.295294727557318,15.7071309217372,9.23286194957366
Finland,1,50440.560224974,5556106,81.1878048780488,100,73.7264996576714,128.023,0.763041912763526,1.8,4.66691154081507,9.6589222,92.9888,48.2777537715821,46.2847802806846,7.37297896973723,0.271944526506117,25.1808292783738,0.23606130716
France,1,41082.8119320747,68065015,82.1292682926829,100,32.32173671027,115.951,2.57084047567793,3.4,4.01585632811977,11.8819046,85.3333,39.2864747207143,36.5036688904078,31.5249188236386,0.326992498564887,16.1980918380604,1.16988777201364
"Gambia, The",3,836.244875582631,2636470,64.859,65.4,22.8459584980237,106.782,5.49299825508946,34.9,10.4995861021697,3.41435836,44.0389,36.1520709170381,8.56985063519528,43.4782608695652,2.31992109797091,15.5889695316243,22.7621227952776
Georgia,2,6729.84659930283,3712502,74.141,100,40.6159159591308,154.014,10.9585321385624,8.1,9.15328575552963,7.25569582,78.7113,62.2165584682954,52.4788792204227,4.5474168945172,0.104889950638883,21.329779714521,15.4242760609985
Germany,1,49686.1154582583,83797985,80.6080487804878,100,32.685482024273,124.158,1.36973104612758,3.1,2.0947134896352,12.60513115,91.6298,43.2836096462941,45.7805177232318,33.3667277307076,0.720875455989295,25.6868874641173,0.470671278002611
Ghana,2,2229.89122647803,33149152,65.246,85.1,35.1604431005612,120.803,3.80484980952164,29.2,1.93240124339233,3.6993649,69.3607,35.451412242532,34.6640435533587,20.6998545265961,1.92029034344132,31.470050505779,2.87894180193646
Greece,1,20971.8349258283,10436882,80.7878048780488,100,30.2699767261443,109.027,5.74364902526337,3.3,3.6311990288799,8.49983692,83.1707,58.6593231211582,49.019884781247,14.4387362296354,-1.25988945727074,16.6977234545458,0.274387645140156
Guatemala,2,5358.70127494396,17847877,71.206,99.1,32.7043673012318,115.156,4.18451808712605,18.4,1.51615535198586,7.44098806,55.4086,35.4855404534188,18.9455010118901,14.501679731243,1.40623710213146,22.6306612736692,19.0341687086046
Guinea,3,1416.59612011764,14055137,60.432,47.7,24.8616311248576,108.885,3.97240784200721,63.1,3.30630355394451,3.95847702,24.6954,48.7466212613867,45.4186514317354,22.5862302620869,2.48250409145397,26.5029300686511,2.64823563849093
Guinea-Bissau,3,873.437861875428,2105529,63.605,37.4,69.8125889046942,125.935,5.58513728011474,44.3,1.17767426605187,8.11358356,27.5672,31.381452685394,14.8894039340798,13.7988762446657,2.24235388639993,12.8401638420559,10.3427657866983
Honduras,2,3003.28996826399,10463872,72.715,94.4,56.4604522298686,75.8551,4.14356194013767,13.7,2.41292398026651,8.28209972,56.3896,70.2593431190701,42.4391817948962,9.09822146751274,1.67679658023776,25.9084247689488,27.0011044721289
Hungary,1,18483.6366867035,9605074,75.8682926829268,100,22.4643754109139,105.794,4.27034755162904,3.2,-1.07832020714623,6.68981791,89.1428,94.304883999461,89.5031301401611,45.5585250931405,-0.268850150860009,24.2940340200039,2.23746079799553
Iceland,1,75121.0152280628,382003,82.119512195122,100,0.522265198849549,120.115,8.97897085175497,2,4.81779889629883,9.28593922,99.8082,46.2694129872105,45.8077781441652,1.20003967073292,2.51377343254216,21.8741188538847,0.678678410506865
India,2,2347.44829434623,1425423212,71.698,99.2,24.4494970049005,80.1818,7.60936497768895,25.6,1.49248825904,3.3058846,55.9,26.8237289453584,23.2515412045298,51.8054794009128,0.790200540609834,25.3845195629461,3.32391537862222
Indonesia,2,4730.83484836107,278830529,70.925,100,48.0419900717626,122.873,5.30719722664799,17.5,1.87264100861425,2.69394851,66.4846,20.9617585096621,24.5029116862832,9.39575176626131,0.746050469653246,41.4292641760979,0.99228904198387
Iraq,2,6520.73154560584,44070551,72.037,100,1.90035242899592,99.1324,7.95904804992662,21.5,-0.726653366772653,4.29332495,78.7156,24.2328478795559,44.5259462145341,11.4458802662797,2.29369659225826,65.2721245594509,0.3822220371914
Ireland,1,105234.511567597,5212836,82.509756097561,100,11.4678472927856,110.609,8.61950345618772,3.3,-6.48520600331753,6.11978531,96.6206,95.445050435626,136.684440145681,6.47408912759472,1.9810166406971501,40.6817053341015,0.0969410194535932
Israel,1,54949.621556429,9557500,82.7,100,6.46950092421442,151.138,6.26326343841286,2.7,4.35725962102686,7.34161806,91.8508,29.2595245774311,31.3853280968641,12.4075785582255,1.96636884788361,19.4269429799466,0.240907416807883
Italy,1,35653.9042103495,59013667,82.7,100,32.7125321249831,131.674,4.82117669913565,2.4,2.94181405797187,9.02753067,85.0607,36.9173622620119,35.0991400412578,23.9567056675233,-0.20230086688254,23.2791441111799,0.500437914318257
Japan,1,34065.6438962526,125124989,83.9963414634146,100,68.4087791495199,168.603,0.941998775483285,1.8,1.12971840820325,11.42183685,84.9234,25.2665627129772,21.5464241239166,11.1550068587106,-0.443851919148528,27.7174374582966,0.126874933673179
Jordan,2,4332.25159897931,11256263,77.088,100,1.09804716534901,67.7457,2.64743514912058,12.6,1.97382535440765,6.82820034,90.5,61.5579922828454,42.5374671563433,2.28187940626619,1.70151702842564,24.4882015845826,9.78565654560806
Kazakhstan,2,11255.3396437881,20034609,73.503,100,1.3013145534689,125.642,3.19999999970734,7.7,2.25355434978679,3.74026752,92.2969,26.7653058374068,41.5690089041544,10.9899988887654,1.46316879039749,34.9793974237581,0.213219830288597
"Korea, Rep.",1,32394.6833725203,51672569,82.6804878048781,100,64.2110655737705,148.684,2.61267219187226,2.4,1.49617378306838,9.43414211,97.1686,48.2646450676456,48.2717642210409,13.5245901639344,-0.187486566698935,31.7263012565745,0.466839292456602
Kuwait,2,39981.7690981957,4589643,80.5878048780488,100,0.350729517396184,168.35,6.75866704650672,7.6,0.409943823309635,4.26875782,99.7237,30.4702156747961,60.4485945397978,0.448933782267116,5.11318110910574,65.7663289229711,0.0120439357599909
Kyrgyz Republic,2,1739.72018344174,6975220,72.0487804878049,99.7,7.04827945776851,106.926,8.96750520041391,15.1,0.451992680624909,4.92258883,82.5991,87.4494462179864,46.3372718307792,6.70690823774765,1.7936545985598,24.1941421977643,26.5775606386275
Latvia,1,20227.2307431581,1879383,74.2780487804878,100,54.933793990037,115.203,1.80677198008065,2.7,3.20240857817949,7.62168407,91.0301,82.3663370930625,77.4780077659979,21.8062027960791,-0.271369577775699,20.7229871183051,3.40438236283811
Lebanon,2,3654.35845534878,5744489,78.003,100,14.128054740958,74.0148,-0.621678970663112,15.1,2.50966160641735,5.73500204,82.798,80.0594990196196,34.8287792460469,13.341642228739,0.460053063032864,2.39076209975393,30.6555163782975
Lesotho,3,1030.12579628833,2286110,56.812,50,1.13702239789196,68.1001,2.38778020186284,57.6,-0.332065080152618,12.65127754,46.5007,95.8675991077489,46.5063823361123,8.93939393939394,1.08048016923391,30.4887412826069,22.6158652653176
Lithuania,1,25085.784063499,2831639,75.6439024390244,100,35.2036435371542,135.834,2.53752574011534,2.9,3.40588108209325,7.24335003,87.7242,88.8717628567494,86.7798492943433,36.6174685323622,0.824789131191284,25.6398695886222,1.03605141610572
Luxembourg,4,123719.658915996,653103,82.9463414634147,100,34.4538272103664,139.651,-1.09505351160836,2,-391.555119009248,5.55154753,98.242,189.868713761072,222.308456163103,24.0796128120072,2.01666790212729,9.1137991530042,2.75335179079447
Madagascar,3,503.514533472879,30437261,63.068,36.1,21.3189737023032,64.7495,4.15609778380812,44.7,3.05272592480406,3.25023246,18.5532,40.0038395384969,30.5432948746184,5.15641113784806,2.48207836172625,23.3568161542995,2.51403030458531
Malaysia,2,11748.0919307944,34695493,75.444,100,57.871678587734,138.208,8.86182187578046,6.7,3.68689336269236,3.90591931,97.3986,69.6552296371211,76.8501886436659,2.51197686805661,1.1977720012836,39.0948343009769,0.396882023362933
Maldives,1,11786.0091545343,524106,80.76,100,2.73333333333333,136.459,13.8260895306814,5.3,11.8454763227133,9.65276241,83.9119,79.5726448524383,82.6709256667894,13,1.528878337276,9.91860129412384,0.0829967750515171
Mali,3,969.72220560562,23072640,60.035,53,10.896663634352,112.12,3.5082827896139,59,3.19776684008586,3.67284775,34.3797,35.4947308146533,26.1689671523921,6.83582065088224,3.00942592606239,24.796496641708,4.94767295509674
Malta,1,36224.2819955817,531113,82.4487804878049,100,1.4375,132.861,4.26931853012293,5,126.084087677368,9.52376747,91.5406,115.004922709663,128.410459632562,24.375,2.47100289980875,11.8960084189782,0.06334096735509
Marshall Islands,2,6322.82855503156,40077,66.725,100,52.2222222222222,39.7061,-1.11806797853311,24.3,1.0157498026835,11.73604298,64.8023,78.0176795580111,40.8176400947119,2.77777777777778,-3.16808578519291,8.49952644041042,13.5951274664562
Mauritania,3,1960.35240077424,4875637,68.281,49,0.292896963228874,109.884,6.79600510182286,32,14.6644208551054,4.48389912,34.3001,62.2880913027036,39.737807822992004,0.436596487823809,2.92956466448208,29.1375503330515,1.14343949600414
Mauritius,1,10223.7882316574,1262523,73.5146341463415,100,19.4541812719079,164.309,8.69306675264066,13.8,4.22930927251408,5.82381678,75.5,63.0954531028352,49.4893047706387,37.5563345017526,-0.301401216835277,18.1062281146272,2.12149812430337
Mexico,2,11402.1410374782,128613117,73.973,100,33.6618740193935,105.713,3.71098893117183,11.1,2.66415918311792,5.72145176,78.6322,45.8808899526489,42.9460448302063,10.580191002855,0.753116988604166,33.1372227138327,4.1908754859514
Moldova,1,5744.29618434435,2528654,71.546,100,11.7548661800487,137.183,-4.60000000000001,13.6,4.03446735088075,6.96505404,76.7412,70.8912121253156,41.2264594544499,56.7518248175182,-2.62110760462091,19.0908218110745,14.0294158168182
Mongolia,2,4993.51487463495,3433748,71.9007317073171,100,9.09849695989111,142.809,5.0327096366527,11.6,14.6053065112102,8.85170174,82.1725,71.2665787886548,65.0613511558615,0.728727263388357,1.46704738017187,35.3122175669446,2.32831928767738
Montenegro,1,9990.20444616996,623591,76.1878048780488,100,61.4869888475836,207.278,6.40668032879275,2.2,14.0062013047765,10.92241859,88.2219,74.3657429805244,51.5328616489687,0.669144981412639,-0.234174139002603,12.9653049670004,13.3253872207854
Morocco,2,3455.39624023438,37329064,75.161,100,12.9136878781089,141.87,1.52720357976111,16,1.7520598001891,5.68049145,89.9,56.320581289955,44.8118007632888,14.5113036074389,1.00863622672701,25.9113093904963,8.53017095928268
Mozambique,3,578.251663751351,32656246,63.011,33.2,46.1193311121849,45.8178,4.36445074432608,46.5,16.0042947069706,8.77717781,18.7913,85.4526356129497,49.8269428040417,7.18482158752766,2.9473431712575,23.2425949902892,0.880109212306658
Namibia,3,4349.79908493314,2889662,64.19,56.2,7.89136270330017,100.558,5.39872476224093,39.7,8.40166893779959,9.29635525,61.1485,58.8040829392834,40.4584718360428,0.971711061715799,2.77600581415178,27.1117255630616,0.648827712131453
Nepal,2,1385.91066274851,29715436,70.087,91.3,41.5907220090687,133.273,5.6313145568451,24.2,0.717813074577744,6.65589333,53.8878,42.2710106140504,6.70239086589236,12.5831880013952,0.81238557412485,12.1812284731342,53.222151934248
Netherlands,1,59123.318556487,17700982,81.6146341463415,100,11.0296673596674,115.821,5.00723455159611,3.5,1.47701805979237,10.10068321,92.5197,87.6638626713087,96.4436215813729,29.8188298188298,0.953278922854537,18.6563965305589,0.363880236566379
New Zealand,1,48760.0381935936,5117100,81.9585365853658,100,37.719363487904,115.984,3.49638686458842,4.1,3.34262941303518,10.02858067,96.1942,29.4287754464161,24.0473873191656,2.02422999506285,0.11340973410607,19.6044449752619,0.231395224021577
Nicaragua,2,2322.89053964583,6730654,74.463,86.5,26.6538972910088,104.278,3.55029945613975,10.7,8.23239650343154,8.95364857,49.1307,65.5589039770339,49.8957747358309,12.4896127638358,1.28466010240759,25.9436105960329,20.641434228789
Niger,3,609.745147661683,25311973,60.398,19.5,0.83276229572906,63.3771,11.9000000000277,68.3,6.25880834194363,4.35259724,23.2982,26.4030742164705,26.4030742164705,13.9733164916713,3.25170642220024,18.8885125171682,4.69902875821573
North Macedonia,1,7606.2375253797,1831712,74.4248780487805,100,39.7101506740682,111.303,2.75888415332967,3.6,6.13067578989693,7.6204114,85.008,93.3619578376736,72.785399542204,16.4948453608247,-0.294481335654044,23.0244680694634,3.27695424528674
Norway,1,109269.520580298,5457127,82.509756097561,100,33.4795618634529,111.657,3.24622860260932,1.9,2.39446435427431,7.94803333,99,27.1096590646452,55.4998207714937,2.20715403409559,0.898395220610608,49.1288971298146,0.105568628356321
Oman,2,23223.5829405935,4730226,77.911,100,0.00779030694668821,136.801,7.98570728354278,8.5,6.33830826925262,2.9162159,95.2453,42.4945073677033,63.2505019129513,0.266914378029079,4.98013669293962,59.4852077730217,0.0355127088147278
Pakistan,3,1538.3228133171,243700667,67.417,95,4.72605334163553,79.1051,4.7781068690358,51.8,0.389980753542853,2.90434051,24.2103,22.4907632059279,10.5405902721041,39.2149232046492,1.74799739792983,20.4125955543613,8.04928811142895
Panama,1,17332.4360742988,4400773,79.324,95,56.4978579131842,152.062,10.769665870619,11.1,3.2336759460383,8.46561432,77.7041,45.5697392628275,48.1174394920396,7.61660825020221,1.26612423517538,26.4661398264393,0.690122118815207
Paraguay,2,6205.6259537937,6760464,72.319,100,39.2502935554672,128.088,0.176038366124061,15.6,1.77482468288435,7.73804235,76.2592,39.3685204368162,34.3693845850371,11.517932578424,1.13476871860664,34.2539657600772,1.41178944682975
Peru,1,7350.63034300417,33475438,76.834,96.2,56.238047734375,124.119,2.8090335533015,13.8,4.55221582089149,6.0930872,74.675,28.4651151947746,28.8318607701975,3.06127421875,0.959183909355287,34.9314299156729,1.50805544629239
Philippines,2,3548.06930572116,113964338,69.472,94.8,24.3430593285709,147.429,7.58098212785563,22.4,2.3475097233369,5.15676308,75.2111,44.042282064966,28.3874015457939,18.7476942683704,0.760479216015364,29.2212399364338,9.40977059288243
Poland,1,18891.213529396,36821749,77.1560975609756,100,31.0594923061845,137.002,5.25545697386036,3.7,6.00626051695503,6.39626455,86.9411,60.6688166147992,62.3525162455456,36.4761998105133,-0.433070695882457,29.1814824967348,1.08739479536256
Portugal,1,24620.519556875,10434332,81.6317073170732,100,36.154994891142,122.801,6.9858417811997,2.6,5.08368926085172,10.46883011,84.4969,51.882465114233,49.4816821962014,10.1801483752085,0.697256448023043,18.4032430064626,0.631570720766204
Qatar,2,88701.463352273,2657333,81.857,100,0,162.249,4.18500970982862,5,0.0322850616403459,2.18112326,99.6528,31.6152340257357,68.5984131738821,1.82767624020888,5.90701824957099,65.3488994932063,0.437654896965699
Romania,1,15557.8826247584,19048502,75.1536585365854,100,30.1158292767733,121.142,3.96530766311717,5.4,3.87290125410084,5.7490139,85.5031,50.2604123933931,43.3611500953615,35.6875869262865,-0.385412679960785,27.3352765482745,2.96311774307304
Russian Federation,1,15619.6142578125,144236933,72.5456097560976,100,49.7843605035639,168.476,-1.43588213859842,3.9,-1.73680981421063,6.91986275,90.418,15.0624830768008,27.7203033526803,7.42809828740168,-0.352843110363082,32.2301435685138,0.141610832659861
Rwanda,3,975.469323979541,13651030,67.528,50.6,11.2687474665586,80.5952,8.16120720872912,30.8,2.29121488730003,7.8792119,31.2252,38.667017988674,22.4780615146911,50.2005391163356,2.19046619232976,21.2695312277805,3.56076089315464
Samoa,2,3869.46639492144,215261,71.55,98.3,57.8093525179856,62.3987,-5.30629089966979,13.1,0.576323080112089,6.3012085,57.3288,52.7167977064992,12.2663826209512,4.06115107913669,0.690847424147793,11.4247607937656,33.6116624207203
San Marino,1,54264.570495898,33755,85.708,100,16.6666666666667,120.27,7.89844145767604,1.4,4.6890007069979,7.40650225,85.0607,173.023720494097,197.412351319317,33.0833333333333,-1.46164026701119,37.5952017777331,1.19322471582122
Saudi Arabia,2,38510.2276211037,32175224,77.31,100,0.454484134921779,149.798,12.0005874752929,5.1,2.1556449627378,4.62462378,100,20.839154879381,35.9850098955522,1.59577287888021,4.41891994509507,53.1237705884733,0.0231657002868662
Senegal,2,1574.0281059306,17651103,67.788,67.9,41.4904690178154,118.15,3.85043193735768,31.4,10.5411241953817,4.06358385,59.2246,52.9006574275324,26.6991642240508,19.893003687737,2.46764281803509,24.8999790711237,10.4760303181811
Serbia,1,10022.9688543402,6664449,75.2365853658537,100,32.3858163872042,129.813,2.63098644408841,4.5,6.90481580907467,9.65742779,83.5383,71.1882638323661,60.7493785262136,30.9192531811155,-2.5170575672922,25.2180137295977,8.53950939671764
Sierra Leone,3,860.774590932595,8276807,61.275,29.4,34.5721806594625,107.882,5.3135546141915,58,2.03524049526072,7.94752312,19.2287,28.2604802844004,16.7726115326261,21.9451371571072,2.22598462352813,20.7187562701714,4.08689986140758
Slovak Republic,1,21334.6011006572,5431752,76.9658536585366,100,40.05615640599,136.029,0.437359508569173,5,4.16543607751776,7.73064041,89.0677,104.938859089755,98.9901091582711,27.5166389351082,-0.284860959688394,26.534195815207,1.99871759421087
Slovenia,1,28373.8382265999,2112076,81.2829268292683,100,61.2701922885918,126.459,2.69923874523828,1.9,3.63837227783814,9.60507679,88.9125,92.2369346587529,93.9826603175574,8.89185753163425,0.189424378732817,28.009830470769302,1.29987972906121
Solomon Islands,3,2005.4139933198,781066,70.409,76,90.0861021793498,62.0735,2.40248143622522,17,2.59958214293393,4.82369328,42.094,51.7491878351403,26.2867431210615,0.821722043586995,2.39378076885188,18.6566988923246,5.18047345741781
South Africa,2,6523.41097815853,62378410,65.454,86.5,13.9950786833623,160.729,1.91147996033504,24.5,2.27046857469365,8.77086639,75.4556,31.4115525789563,33.3714495540545,9.89209374407505,1.41397227960081,24.9348725792342,0.21450298986945
Spain,1,30270.2687017458,47786102,83.1341463414634,100,37.1827922798055,123.4,6.17931219966114,2.6,4.52740675341745,9.73828793,94.4855,38.8724320759099,39.7551303881907,23.3945131872425,0.718854879160094,20.930906380107,0.296288573935509
Sri Lanka,1,3342.63650253855,22181000,77.3,100,34.0559327513741,151.727,-7.34919301306745,5.5,1.19249322228343,4.36269855,48.3,25.1230455575852,21.5595624620967,22.1791141286777,0.112772639779474,29.8058315790625,5.15135988972612
Sweden,1,55296.9371472535,10486941,83.0585365853659,100,68.6996660773915,140.782,1.45928849980044,2,9.31834204985397,10.49857044,95.0097,51.974737140744,53.8802781349213,6.20703201728541,0.68058286829853,24.0248816282995,0.63779019840825
Switzerland,1,94394.5106803525,8777088,83.6048780487805,100,32.2956707010417,123.971,3.04406102969423,3.5,-1.9380912110037,11.70653343,96.4528,62.3609309845406,76.1397677689787,10.0380287033819,0.829927183900371,24.5433816560689,0.392019935734591
Tajikistan,2,1052.17949484894,10182222,71.562,100,3.06794437639599,126.161,8.00000033846364,23.1,1.62432287476597,7.62917423,53.1078,49.082387543926,16.3531240454317,6.04366308811874,2.13728529423458,34.702580856427,49.8953124537059
Tanzania,3,1207.85302734375,64711821,66.879,45.8,50.5836531948521,93.016,4.56600576430955,31.2,1.89728870685569,3.1119566,22.101,19.5897411900311,15.4137105201683,15.2432829081057,2.95046658393064,27.6848111756783,0.928801651738841
Thailand,1,6909.35281815827,71735329,75.291,99.9,38.7578539411615,176.223,2.58037874709827,8.3,2.39179841841837,5.35470581,87.9772,67.485947891463,65.3727641914083,31.0307502593513,0.0111485454856964,35.1217577031461,1.79902603650806
Timor-Leste,1,2343.24523350389,1369295,67.368,99.7,61.7552118359112,108.158,-20.5415847471733,36.9,-8.42319217915231,14.32454681,34.5102,42.0098681091243,55.6120534416076,7.49831876260928,1.40884587356384,54.5123443416769,5.12418231102754
Togo,3,898.758154410712,9089738,62.29,57.2,22.1244714101857,72.2148,5.75954251521733,36.9,-2.1213197375223,6.04134083,35.5105,39.8886139342477,25.5991710804409,48.7221915793344,2.35270895960531,20.1411361143218,7.34441216376656
Tonga,2,4933.07466930785,105042,72.635,100,12.4305555555556,61.7258,-2.3098644452046,8.2,0.561880389995766,8.13607597,57.7181,63.7555896484468,11.5596393402516,27.7777777777778,-0.425589151486705,15.5452200860364,41.9416042215336
Tunisia,2,3708.8481241036,12119334,76.05,100,4.54293254376931,131.875,2.67331821840567,11.5,1.43099166681877,6.96380186,70.5532,64.848784613951,50.9788319964445,18.2241246138002,0.585173208533683,24.6712973914539,6.24388724014609
Turkiye,2,10674.504157865,84979913,77.591,100,29.2768733027559,103.721,5.53342787492781,8,1.5195369726187,3.70338893,83.4372,42.5859275135465,38.5842021809785,26.2632693632005,0.984586244469359,31.2937674598139,0.0767264751119134
Uganda,3,963.067314233497,47312719,67.675,47.1,11.2477114502294,70.1401,4.58802192181773,28.7,6.48067616187326,4.39089251,11.1246,22.4833064937607,12.0219954333331,34.4105326152005,3.00759449042677,26.7661486333726,2.74413888235979
United Kingdom,1,46062.9914079698,67604000,81.0112195121951,100,13.2554871243748,119.834,4.83908517877134,3.9,1.44178892281254,11.05087757,96.2989,35.3133356660075,33.5671944737788,24.9704873310462,0.921336799385098,17.2416550164897,0.127329110558805
United States,1,77860.9112908848,334017321,77.4341463414634,100,33.8669264120375,108.786,2.5123753198332,5.5,1.60299809746593,16.49613953,92.2016,15.2894619130397,11.6022279170372,16.5679749153313,0.575744520494521,18.0835980676354,0.0294652652279532
Uruguay,1,20818.6146091144,3390913,76.468,100,11.8443606444978,139.829,4.48622703072073,5.6,12.4804063396028,8.94532204,89.873,27.6991820910559,33.3316130133263,12.0871328990972,-0.170369337727093,17.7086542108617,0.177304603447649
Uzbekistan,2,2578.66689394219,34938955,72.147,100,8.49046413042492,105.472,6.00134232203442,13.1,2.94947448385164,7.36325455,83.9,39.5742214971006,23.2670310407511,9.14213483656037,2.00999064709715,31.4813507507112,17.2173418207715
Vanuatu,2,3292.34108821237,313046,71.302,71.6,36.2838392124692,81.6203,5.18622862422562,14.4,1.03768879308797,4.14742947,45.6747,55.4554630330558,9.64841450079906,1.64068908941756,2.31965082626492,7.54647152830347,19.1944600950786
Viet Nam,2,4147.69777213621,99680655,74.502,100,47.203321964464,137.852,8.53750046755788,14.3,4.32947308910883,4.58891582,78.59,89.7334901043249,93.420129043511,21.5455493907711,0.750756665157789,38.4823612398341,3.19268406571154
Zambia,3,1447.12310138035,20152938,65.279,47.8,59.7769691548178,98.4373,5.21122360356247,32.2,-0.223286755156161,5.25592279,15,29.1033177078897,40.1939977114306,5.11171794078478,2.76365042984169,35.2838210182449,0.834891790615501
Zimbabwe,3,2040.54658705395,16069056,62.36,50.1,44.8557321959416,88.9958,6.1391761744749,42.2,1.02703421422807,3.62880659,37.8861,36.8914368897899,27.8721704885775,10.4004932144242,1.7062092862652,39.6916413837249,9.40858693770342
